epoch,train_loss,val_ap,val_auc,val_accuracy,val_mrr,inductive_val_ap,inductive_val_auc,inductive_val_accuracy,epoch_time
0,0.3833736994402836,0.9858037681518944,0.9823206255964502,0.7223296841660098,0.7938291547323838,0.9403475068027303,0.9301210087993688,0.722329016957135,196.8236677646637
1,0.3060671859875637,0.9894185784310112,0.9876987066196794,0.7223296841660098,0.8105982239544287,0.9469830358076208,0.9374213355558831,0.722329016957135,189.97345542907715
2,0.2849592668913743,0.9897636869487845,0.9880567511795799,0.7223272812902481,0.8137682578509958,0.9496880629110165,0.939316906594518,0.722329016957135,190.84264755249023
3,0.2764740877354713,0.9904914418638817,0.9887800834692178,0.7223272812902481,0.8119038865714485,0.9519094851242593,0.94010367195649,0.722329016957135,191.90805673599243
4,0.2713207089761682,0.9905268926528804,0.9889158415746483,0.7223272812902481,0.8023184146786874,0.9545981836024034,0.9416620968565096,0.722329016957135,188.60121536254883
5,0.2670977348036651,0.9912975642047994,0.9898501363781513,0.7223296841660098,0.7991386090873557,0.9559448060932808,0.9435798435338661,0.722329016957135,190.191876411438
6,0.2642354747627299,0.99088744391637,0.9894461092601821,0.7223272812902481,0.7993900299878894,0.9546087041716337,0.9413547566192648,0.722329016957135,189.34448146820068
7,0.2621409864722991,0.9924355822491935,0.9915361134103797,0.7223272812902481,0.7982639022381988,0.9559896741712539,0.9414817366068194,0.722329016957135,189.13581824302673
8,0.2622195180484679,0.9918312185857894,0.9906134900400219,0.7223272812902481,0.7901185739092549,0.9573416295883497,0.942880994294452,0.722329016957135,188.1518440246582
9,0.2609207317038599,0.993050353351852,0.9924293070839685,0.7223272812902481,0.7902340320896046,0.9566600811865598,0.9422331320332029,0.722329016957135,189.95639157295227
10,0.2597219767237196,0.9922803851641059,0.9913159872305289,0.7223272812902481,0.7911396959881587,0.956770890599808,0.9407678517237801,0.722329016957135,187.93977117538452
11,0.2583617812455379,0.9913020586090028,0.9902194673344444,0.7223272812902481,0.7994309990196267,0.9559882158062099,0.939523515806291,0.722329016957135,189.04063844680786
12,0.2589559485621608,0.991725147286872,0.9907648200000196,0.7223272812902481,0.8063024027155696,0.9551285182244823,0.9382442683282405,0.722329016957135,188.55145120620728
13,0.2587619266402814,0.9917004801631918,0.9907319269225833,0.7223272812902481,0.8108630008394047,0.9562556088125815,0.9398438090083394,0.722329016957135,188.4966847896576
14,0.2580789258209849,0.9919222563231331,0.9909048514573846,0.7223272812902481,0.8015738035280623,0.9558789167562071,0.9397358713872518,0.722329016957135,189.4264256954193
